episode,task,reward_fraction,error_distance,reward_rate,ordered_episode
499,noise0,0.0,373.50649591286975,0.0,499
499,noise0.4,0.0,372.67941240469617,0.0,499
499,noise0.8,0.0,377.7465174595515,0.0,499
999,noise0,0.0,379.8321038087209,0.0,999
999,noise0.4,0.0,379.3363144000371,0.0,999
999,noise0.8,0.0,383.30417974789935,0.0,999
1499,noise0,0.0,506.63530349731445,0.0,1499
1499,noise0.4,0.0,505.4947494665782,0.0,1499
1499,noise0.8,0.0,497.8926788965861,0.0,1499
1999,noise0,0.0,227.5001998345057,0.0,1999
1999,noise0.4,0.006666666666666667,227.0870189666748,0.017006802721088433,1999
1999,noise0.8,0.0033333333333333335,229.13198282321295,0.008680555555555556,1999
2499,noise0,0.0,279.94609256585437,0.0,2499
2499,noise0.4,0.013333333333333334,279.22604318459827,0.009321836401771148,2499
2499,noise0.8,0.0,278.86916303634644,0.0,2499
2999,noise0,0.06666666666666667,184.00618089238802,0.04112687641373638,2999
2999,noise0.4,0.056666666666666664,182.7897868528962,0.035094962840627575,2999
2999,noise0.8,0.08,180.97839301327863,0.04957653377401363,2999
3499,noise0,0.82,43.487342815846205,0.5244084416968663,3499
3499,noise0.4,0.8133333333333334,44.31434643020233,0.5228197985858153,3499
3499,noise0.8,0.8366666666666667,43.3369437456131,0.549113979435572,3499
3999,noise0,0.8433333333333334,40.217478731647134,0.5729166666666666,3999
3999,noise0.4,0.8866666666666667,39.827599819749594,0.6048203728967713,3999
3999,noise0.8,0.8466666666666667,42.966257418195404,0.5902858470834301,3999
4499,noise0,0.8966666666666666,36.42732668078194,0.6141552511415526,4499
4499,noise0.4,0.8766666666666667,39.89440028183162,0.6043198529411764,4499
4499,noise0.8,0.8766666666666667,40.22766376255701,0.6124825337680484,4499
4999,noise0,0.9,35.397226913521685,0.6143344709897611,4999
4999,noise0.4,0.92,35.83180331811309,0.6299931522483451,4999
4999,noise0.8,0.8666666666666667,39.084188704689346,0.6077606358111267,4999
5499,noise0,0.8933333333333333,40.88426674467822,0.6248542783865703,5499
5499,noise0.4,0.8933333333333333,38.16222831886262,0.6261682242990654,5499
5499,noise0.8,0.86,41.382467947900295,0.6122448979591836,5499
5999,noise0,0.9,36.80014674024036,0.6264501160092807,5999
5999,noise0.4,0.8733333333333333,40.104509434352316,0.6158909261871179,5999
5999,noise0.8,0.84,42.14986113272607,0.6025824964131994,5999
6499,noise0,0.9066666666666666,36.95652902250489,0.6179009541117673,6499
6499,noise0.4,0.92,37.5868722088635,0.6307129798903107,6499
6499,noise0.8,0.8866666666666667,39.96592456350724,0.6201911867568197,6499
6999,noise0,0.93,36.50369313855966,0.6102362204724409,6999
6999,noise0.4,0.87,40.296929985284805,0.5743838028169014,6999
6999,noise0.8,0.8766666666666667,39.45905733512094,0.5936794582392777,6999
7499,noise0,0.9266666666666666,35.5822508148849,0.610318331503842,7499
7499,noise0.4,0.9,36.164630096405745,0.5957634598411297,7499
7499,noise0.8,0.9033333333333333,38.143233006897695,0.6107730448501238,7499
7999,noise0,0.88,38.979973670716085,0.5155243116578793,7999
7999,noise0.4,0.8233333333333334,41.39808300013343,0.4885284810126582,7999
7999,noise0.8,0.9,37.36540522892028,0.542604501607717,7999
8499,noise0,0.79,43.93012930328647,0.4449033226957011,8499
8499,noise0.4,0.83,43.18141991024216,0.4706994328922495,8499
8499,noise0.8,0.86,41.33727239010235,0.49730146491904387,8499
8999,noise0,0.8966666666666666,38.587610679368176,0.5254932604024223,8999
8999,noise0.4,0.89,37.21432930789888,0.5250737463126843,8999
8999,noise0.8,0.87,38.52006349464258,0.5213743507790651,8999
9499,noise0,0.82,42.09438520825157,0.47702152414194293,9499
9499,noise0.4,0.88,37.515801893236734,0.514018691588785,9499
9499,noise0.8,0.8466666666666667,40.51239722284178,0.5010850266324719,9499
9999,noise0,0.88,38.90259321282307,0.5504587155963302,9999
9999,noise0.4,0.9466666666666667,36.53877576502661,0.5966386554621849,9999
9999,noise0.8,0.8633333333333333,39.07002112579843,0.549543814979843,9999
10499,noise0,0.8966666666666666,36.64349047187716,0.5564749689697972,10499
10499,noise0.4,0.9033333333333333,38.839779432863,0.5617744610281923,10499
10499,noise0.8,0.91,38.278055331359305,0.5726872246696034,10499
10999,noise0,0.9066666666666666,36.132272781183325,0.5695142378559463,10999
10999,noise0.4,0.8966666666666666,35.62284348718822,0.5653635981504834,10999
10999,noise0.8,0.8933333333333333,38.81469082956513,0.5682782018659881,10999
11499,noise0,0.9266666666666666,36.001664865761995,0.5911120561343823,11499
11499,noise0.4,0.92,38.68909255042672,0.5887372013651877,11499
11499,noise0.8,0.89,40.67402576406797,0.5745642349903163,11499
11999,noise0,0.8666666666666667,39.26880733730892,0.5728133950209296,11999
11999,noise0.4,0.9033333333333333,39.90037026939293,0.5963908450704225,11999
11999,noise0.8,0.87,41.84577858323852,0.5783292709949036,11999
12499,noise0,0.9,40.424288070450224,0.5821474773609314,12499
12499,noise0.4,0.87,40.747193376688905,0.5640803976658741,12499
12499,noise0.8,0.8933333333333333,39.22785110057642,0.5813449023861171,12499
12999,noise0,0.8933333333333333,40.507234981283545,0.5908289241622575,12999
12999,noise0.4,0.8933333333333333,39.39582025880615,0.59265811587793,12999
12999,noise0.8,0.8533333333333334,40.387147958856076,0.5690153367414981,12999
13499,noise0,0.8666666666666667,40.368416998535395,0.5728133950209296,13499
13499,noise0.4,0.8933333333333333,40.69141234767934,0.5912199426428414,13499
13499,noise0.8,0.8966666666666666,39.20059890051683,0.5969818020417221,13499
13999,noise0,0.8866666666666667,39.41644909108678,0.5837173579109063,13999
13999,noise0.4,0.88,41.68454610556364,0.5798374698001317,13999
13999,noise0.8,0.9033333333333333,40.34009790793061,0.5979699911738746,13999
14499,noise0,0.88,39.86446034535766,0.5838124723573639,14499
14499,noise0.4,0.9066666666666666,40.09503834384183,0.601237842617153,14499
14499,noise0.8,0.88,40.14431861912211,0.5879732739420935,14499
14999,noise0,0.8966666666666666,40.08994160530468,0.5903006363835857,14999
14999,noise0.4,0.8833333333333333,41.04671685832242,0.5826737027264731,14999
14999,noise0.8,0.8833333333333333,40.364535078406334,0.5843439911797134,14999
15499,noise0,0.91,38.452449291944504,0.5951602354480052,15499
15499,noise0.4,0.8933333333333333,40.18469879527887,0.5842598648354044,15499
15499,noise0.8,0.8866666666666667,38.42924456143131,0.5801526717557252,15499
15999,noise0,0.8866666666666667,43.15389394760132,0.5948121645796064,15999
15999,noise0.4,0.8433333333333334,42.83585691700379,0.5659955257270693,15999
15999,noise0.8,0.8633333333333333,41.82904744272431,0.5789003129190881,15999
16499,noise0,0.8533333333333334,41.889577786127724,0.5711735832217759,16499
16499,noise0.4,0.87,42.17310935507218,0.5819397993311036,16499
16499,noise0.8,0.8533333333333334,40.66874160400281,0.5724508050089445,16499
16999,noise0,0.81,45.109685891618334,0.5577232040394766,16999
16999,noise0.4,0.86,44.250518430024385,0.5925585668350941,16999
16999,noise0.8,0.8066666666666666,45.44006538018584,0.556193978395771,16999
17499,noise0,0.7766666666666666,48.313495018829904,0.5509576732087964,17499
17499,noise0.4,0.7766666666666666,48.886739041656256,0.5508274231678487,17499
17499,noise0.8,0.7566666666666667,51.14046507701278,0.5391923990498813,17499
17999,noise0,0.7833333333333333,47.61904858301083,0.5456234037613187,17999
17999,noise0.4,0.8066666666666666,49.425570365041494,0.5626598465473146,17999
17999,noise0.8,0.7566666666666667,49.591817340503134,0.5293843283582089,17999
18499,noise0,0.8933333333333333,39.86344617729386,0.6234007908816003,18499
18499,noise0.4,0.89,40.98178567364812,0.6217978574755473,18499
18499,noise0.8,0.87,41.96746675204486,0.6089594027064862,18499
18999,noise0,0.6833333333333333,54.711399578799806,0.5145582329317269,18999
18999,noise0.4,0.6966666666666667,54.07144705827037,0.5252576024126665,18999
18999,noise0.8,0.73,52.90428872592747,0.5494229804315103,18999
19499,noise0,0.8233333333333334,47.33114766702056,0.6036168132942326,19499
19499,noise0.4,0.8233333333333334,46.429797902703285,0.6028801562118623,19499
19499,noise0.8,0.8033333333333333,47.259831223636866,0.5899632802937577,19499
19999,noise0,0.8266666666666667,46.50842745850483,0.6053209665608982,19999
19999,noise0.4,0.8433333333333334,47.43177404254675,0.6191874694077337,19999
19999,noise0.8,0.79,48.39264078748723,0.5805977462028417,19999
20499,noise0,0.8,49.31671943639716,0.5979073243647234,20499
20499,noise0.4,0.8066666666666666,49.230289628108345,0.6030401196112634,20499
20499,noise0.8,0.7466666666666667,51.105287992705904,0.5580468360737418,20499
20999,noise0,0.85,46.328328585873045,0.6204379562043796,20999
20999,noise0.4,0.8233333333333334,46.9142757554849,0.6009732360097324,20999
20999,noise0.8,0.84,46.01199087997278,0.6138855054811205,20999
21499,noise0,0.84,44.5264681330882,0.5964497041420118,21499
21499,noise0.4,0.86,43.159555139020085,0.6116642958748222,21499
21499,noise0.8,0.8566666666666667,44.02694012938688,0.611759104975006,21499
21999,noise0,0.7766666666666666,49.53083450347185,0.56884765625,21999
21999,noise0.4,0.7466666666666667,50.77639096726974,0.547945205479452,21999
21999,noise0.8,0.7766666666666666,49.086922439436115,0.5709384954667973,21999
22499,noise0,0.9,42.36918311752379,0.6443914081145584,22499
22499,noise0.4,0.8266666666666667,44.79075901955366,0.592875926368635,22499
22499,noise0.8,0.8266666666666667,44.555870140592255,0.5925925925925926,22499
22999,noise0,0.86,44.45983241777867,0.6154580152671755,22999
22999,noise0.4,0.8533333333333334,44.72632246526579,0.6122937096388423,22999
22999,noise0.8,0.85,43.17662045235435,0.6094646271510515,22999
23499,noise0,0.8433333333333334,45.684443498651184,0.6005221932114883,23499
23499,noise0.4,0.8533333333333334,45.083893996973835,0.6092336982389338,23499
23499,noise0.8,0.8366666666666667,44.991857952438295,0.5973346025702047,23499
23999,noise0,0.83,46.21580132904152,0.6037827352085353,23999
23999,noise0.4,0.8033333333333333,48.17762072136005,0.5841008240426563,23999
23999,noise0.8,0.8166666666666667,46.96296465707322,0.5946601941747572,23999
24499,noise0,0.82,48.38690257817507,0.6105733432613552,24499
24499,noise0.4,0.76,51.57168976093332,0.5668821481849825,24499
24499,noise0.8,0.7966666666666666,50.07165533552567,0.5946752923612838,24499
24999,noise0,0.8333333333333334,47.497871331870556,0.5963740458015266,24999
24999,noise0.4,0.82,46.31296621325115,0.5865522174535049,24999
24999,noise0.8,0.85,45.7628932610775,0.6122448979591837,24999
25499,noise0,0.8133333333333334,49.95058625688156,0.6029157400543612,25499
25499,noise0.4,0.7933333333333333,50.18641955157121,0.5894006934125805,25499
25499,noise0.8,0.78,49.850305430591106,0.5796383453059202,25499
25999,noise0,0.8533333333333334,43.845470920205116,0.5930044012045401,25999
25999,noise0.4,0.87,42.24712131855389,0.6031892766350819,25999
25999,noise0.8,0.83,45.36694867784778,0.5769230769230769,25999
26499,noise0,0.82,47.654644541442394,0.6010261421939898,26499
26499,noise0.4,0.7966666666666666,46.61863183354338,0.5827846866617897,26499
26499,noise0.8,0.7633333333333333,52.073384776711464,0.5604503181595692,26499
26999,noise0,0.8033333333333333,50.85748679190874,0.6028014007003502,26999
26999,noise0.4,0.7366666666666667,52.59205592609942,0.5541624874623872,26999
26999,noise0.8,0.7466666666666667,52.18613986546794,0.5605605605605606,26999
27499,noise0,0.89,43.845753179242216,0.618341824918944,27499
27499,noise0.4,0.87,41.03504866144309,0.6045865184155663,27499
27499,noise0.8,0.8733333333333333,42.93324117486676,0.6085946573751452,27499
27999,noise0,0.74,52.26041224350532,0.5601816805450416,27999
27999,noise0.4,0.7366666666666667,51.937286622822285,0.5582217731750442,27999
27999,noise0.8,0.7766666666666666,51.0606259504954,0.5894257525929674,27999
28499,noise0,0.7766666666666666,51.12520651643475,0.5880868248359413,28499
28499,noise0.4,0.7766666666666666,52.486676678061485,0.5885324576913361,28499
28499,noise0.8,0.6933333333333334,55.91245953241984,0.5247225025227042,28499
28999,noise0,0.63,59.20175055290262,0.4847396768402154,28999
28999,noise0.4,0.6666666666666666,56.43638734271129,0.5128205128205128,28999
28999,noise0.8,0.64,56.51652982831001,0.49230769230769234,28999
29499,noise0,0.7466666666666667,52.271922275424004,0.5611222444889779,29499
29499,noise0.4,0.7833333333333333,51.14323668181896,0.5889724310776943,29499
29499,noise0.8,0.73,53.62839235365391,0.5496987951807228,29499
29999,noise0,0.87,43.561784483492374,0.6202471482889733,29999
29999,noise0.4,0.85,45.03445872850716,0.6074321105288233,29999
29999,noise0.8,0.8566666666666667,44.16445468738675,0.6149796602057908,29999
30499,noise0,0.8533333333333334,45.62306710456809,0.6197046719922537,30499
30499,noise0.4,0.82,46.91372718041142,0.5950653120464441,30499
30499,noise0.8,0.8033333333333333,47.50070113192002,0.5853777022103472,30499
30999,noise0,0.7466666666666667,52.46230754752954,0.5666582342524664,30999
30999,noise0.4,0.7133333333333334,54.118998534977436,0.5412240768841678,30999
30999,noise0.8,0.6866666666666666,55.80208077902595,0.52204764318297,30999
31499,noise0,0.74,50.39125421767434,0.5514157973174366,31499
31499,noise0.4,0.7433333333333333,51.399022507170834,0.5534872176718788,31499
31499,noise0.8,0.7333333333333333,52.622368263701595,0.5476723923325865,31499
31999,noise0,0.7766666666666666,49.764881274973355,0.5719194894452626,31999
31999,noise0.4,0.84,47.36419412617882,0.6199261992619927,31999
31999,noise0.8,0.7766666666666666,49.0078317578882,0.5753086419753086,31999
32499,noise0,0.6466666666666666,57.51323171084126,0.4994850669412976,32499
32499,noise0.4,0.7066666666666667,55.125512494395174,0.5456885456885456,32499
32499,noise0.8,0.6466666666666666,58.20317214975754,0.5009036922282468,32499
32999,noise0,0.8166666666666667,47.518809731428824,0.5949490043710539,32999
32999,noise0.4,0.8133333333333334,46.848941075615585,0.5926645615739615,32999
32999,noise0.8,0.8166666666666667,46.04146871715784,0.5940834141610086,32999
33499,noise0,0.7866666666666666,52.21007696787516,0.5916269741789921,33499
33499,noise0.4,0.7366666666666667,51.76142627249161,0.5543014798093804,33499
33499,noise0.8,0.7966666666666666,51.571268101533256,0.6012578616352201,33499
33999,noise0,0.7966666666666666,47.935202011217676,0.5836385836385837,33999
33999,noise0.4,0.8166666666666667,48.4451794102788,0.59814453125,33999
33999,noise0.8,0.8,48.100905974706016,0.5862237420615535,33999
34499,noise0,0.6766666666666666,57.03680514668425,0.5191815856777494,34499
34499,noise0.4,0.7066666666666667,55.35021675750613,0.541922290388548,34499
34499,noise0.8,0.7066666666666667,55.06252580756942,0.539714867617108,34499
34999,noise0,0.71,53.671015076339245,0.5355795825999496,34999
34999,noise0.4,0.75,51.087410766631365,0.5654687107313395,34999
34999,noise0.8,0.7533333333333333,52.44358517726263,0.5682675383454865,34999
35499,noise0,0.6966666666666667,55.82927992939949,0.5348004094165814,35499
35499,noise0.4,0.72,54.601248025894165,0.5524296675191815,35499
35499,noise0.8,0.68,57.10871307055155,0.5197452229299363,35499
35999,noise0,0.7933333333333333,49.18075516819954,0.5929247633283508,35999
35999,noise0.4,0.73,52.65625938524803,0.5455904334828101,35999
35999,noise0.8,0.7733333333333333,50.61098565906286,0.5772580243841752,35999
36499,noise0,0.7233333333333334,53.16797561943531,0.550761421319797,36499
36499,noise0.4,0.69,55.93802364667257,0.5256475368207212,36499
36499,noise0.8,0.7,56.544919384643435,0.5309734513274337,36499
36999,noise0,0.67,56.88247757653395,0.5160462130937099,36999
36999,noise0.4,0.6866666666666666,56.01897426446279,0.5303810504634398,36999
36999,noise0.8,0.6966666666666667,55.70844012623032,0.5367231638418078,36999
37499,noise0,0.76,50.947707841793694,0.5714285714285714,37499
37499,noise0.4,0.7366666666666667,52.80369598170122,0.5534685699974956,37499
37499,noise0.8,0.74,52.63208146890005,0.5565304587615943,37499
37999,noise0,0.81,49.95780254776279,0.6081081081081081,37999
37999,noise0.4,0.7566666666666667,51.20610121948024,0.567358160459885,37999
37999,noise0.8,0.76,52.64423387249311,0.5701425356339084,37999
38499,noise0,0.6466666666666666,58.712064023440085,0.500774393391843,38499
38499,noise0.4,0.64,58.53857997556528,0.4966373512674599,38499
38499,noise0.8,0.62,58.49466327826182,0.4806201550387597,38499
38999,noise0,0.7633333333333333,49.39116644486785,0.5607247796278159,38999
38999,noise0.4,0.8033333333333333,47.99340767599642,0.5899632802937577,38999
38999,noise0.8,0.8166666666666667,48.82334417849779,0.5994617078541717,38999
39499,noise0,0.7033333333333334,54.99739501873652,0.5388151174668029,39499
39499,noise0.4,0.7133333333333334,54.70635923743248,0.5467552376085845,39499
39499,noise0.8,0.73,54.62290175507466,0.5608194622279129,39499
39999,noise0,0.6633333333333333,58.08530360211929,0.5195822454308094,39999
39999,noise0.4,0.7333333333333333,55.18363304436207,0.5730659025787965,39999
39999,noise0.8,0.6566666666666666,57.13631862898668,0.5139577354552569,39999
40499,noise0,0.71,55.0539798202614,0.5499612703330751,40499
40499,noise0.4,0.6766666666666666,56.043768376111984,0.5248190279214064,40499
40499,noise0.8,0.7,55.57242965698242,0.5424954792043399,40499
40999,noise0,0.6766666666666666,56.572274677455425,0.5287835373795259,40999
40999,noise0.4,0.7133333333333334,55.1193320179979,0.5574368325084657,40999
40999,noise0.8,0.6766666666666666,55.74287971357504,0.5283706402915148,40999
41499,noise0,0.7033333333333334,56.625610741476216,0.5464905464905465,41499
41499,noise0.4,0.7066666666666667,54.32738311712941,0.5486542443064182,41499
41499,noise0.8,0.6733333333333333,56.488641603539385,0.5245390807582446,41499
41999,noise0,0.7533333333333333,52.98239881545305,0.5752099770934079,41999
41999,noise0.4,0.7366666666666667,52.65142344186703,0.5630573248407643,41999
41999,noise0.8,0.7766666666666666,51.84852710862955,0.5934793683138053,41999
42499,noise0,0.66,57.567818922301136,0.5185961236249345,42499
42499,noise0.4,0.59,59.65835551048318,0.46407970634504453,42499
42499,noise0.8,0.6333333333333333,58.18093727404872,0.49634273772204807,42499
42999,noise0,0.6333333333333333,59.74299283822378,0.4990806409246125,42999
42999,noise0.4,0.6333333333333333,58.56048317377766,0.4990806409246125,42999
42999,noise0.8,0.6633333333333333,58.73535625139872,0.5246506722910624,42999
43499,noise0,0.8133333333333334,47.13140758872032,0.605609332340531,43499
43499,noise0.4,0.8166666666666667,48.09893835646411,0.6076388888888888,43499
43499,noise0.8,0.8066666666666666,47.67566412190596,0.6004962779156328,43499
43999,noise0,0.75,51.85822165260712,0.5689001264222503,43999
43999,noise0.4,0.76,52.6743489553531,0.5764854614412137,43999
43999,noise0.8,0.7766666666666666,50.461337661991514,0.5892766818411734,43999
44499,noise0,0.6333333333333333,56.884752882023655,0.49686192468619245,44499
44499,noise0.4,0.64,58.72581307465831,0.5030128373067854,44499
44499,noise0.8,0.6366666666666667,59.587286464869976,0.5009179124049304,44499
44999,noise0,0.6733333333333333,56.34012903024753,0.5231805231805231,44999
44999,noise0.4,0.6766666666666666,55.347087974349655,0.5263157894736842,44999
44999,noise0.8,0.65,57.924298133701086,0.5071521456436932,44999
45499,noise0,0.77,51.23031704003612,0.5885350318471337,45499
45499,noise0.4,0.7366666666666667,53.66243475303054,0.5633443793015549,45499
45499,noise0.8,0.71,54.38036931057771,0.5440613026819924,45499
45999,noise0,0.72,54.09918211400509,0.5464204401720212,45999
45999,noise0.4,0.76,52.900640154878296,0.5775075987841946,45999
45999,noise0.8,0.7333333333333333,53.654447451233864,0.5575266092245311,45999
46499,noise0,0.7,56.003082955876984,0.5471599791558103,46499
46499,noise0.4,0.6866666666666666,55.20353235428532,0.5367378843147472,46499
46499,noise0.8,0.6366666666666667,56.935649801045656,0.49778472765181125,46499
46999,noise0,0.7266666666666667,52.94180096002916,0.5591177224929469,46999
46999,noise0.4,0.7166666666666667,55.70315985133251,0.5522733110711533,46999
46999,noise0.8,0.7266666666666667,53.89592409878969,0.5606995884773662,46999
47499,noise0,0.6966666666666667,55.41778355650604,0.5401912638924786,47499
47499,noise0.4,0.68,56.07843190679947,0.5269956083699302,47499
47499,noise0.8,0.7366666666666667,54.33200111488501,0.5722423614707405,47499
47999,noise0,0.7,55.63816310884431,0.5384615384615384,47999
47999,noise0.4,0.7366666666666667,53.47121844316522,0.5672484599589322,47999
47999,noise0.8,0.73,53.03851476808389,0.5642875547539293,47999
48499,noise0,0.65,59.15657067298889,0.5139694254085397,48499
48499,noise0.4,0.62,59.36010477567712,0.4898604161179878,48499
48499,noise0.8,0.6033333333333334,59.006268529842295,0.47832980972515854,48499
48999,noise0,0.69,56.35124322834114,0.5399061032863849,48999
48999,noise0.4,0.7033333333333334,53.539929784834385,0.5509138381201044,48999
48999,noise0.8,0.6833333333333333,55.962886997809015,0.5355276907001045,48999
49499,noise0,0.84,45.721304251501955,0.6164383561643836,49499
49499,noise0.4,0.8633333333333333,45.528434743483864,0.6349595489090463,49499
49499,noise0.8,0.8333333333333334,45.82101992176225,0.6136475208640156,49499
49999,noise0,0.6266666666666667,58.96530978381634,0.49214659685863876,49999
49999,noise0.4,0.6966666666666667,57.272189954916634,0.5459770114942528,49999
49999,noise0.8,0.66,58.40422941247622,0.5191400104876769,49999
50499,noise0,0.68,56.66488218307495,0.5311116896641499,50499
50499,noise0.4,0.68,55.641282326852284,0.5315268368942158,50499
50499,noise0.8,0.6766666666666666,56.57111398254832,0.5298877577655964,50499
50999,noise0,0.7,55.60772916612526,0.5454545454545454,50999
50999,noise0.4,0.6866666666666666,55.471254305293165,0.5353430353430353,50999
50999,noise0.8,0.7166666666666667,54.068765103816986,0.558877047049649,50999
51499,noise0,0.65,57.88095263888439,0.5116767252689582,51499
51499,noise0.4,0.6733333333333333,57.6435486972332,0.5308804204993429,51499
51499,noise0.8,0.6633333333333333,58.194504141807556,0.5229960578186597,51499
51999,noise0,0.7133333333333334,53.90204317495227,0.5529715762273901,51999
51999,noise0.4,0.7,54.95038351789117,0.5431971029487842,51999
51999,noise0.8,0.6733333333333333,56.543640906612076,0.5233160621761658,51999
52499,noise0,0.6933333333333334,55.13651086886724,0.5430809399477807,52499
52499,noise0.4,0.6533333333333333,57.30057645589113,0.5129547238942684,52499
52499,noise0.8,0.7066666666666667,56.20919896910588,0.5546834118262689,52499
52999,noise0,0.7766666666666666,51.95951516429583,0.5940846506884242,52999
52999,noise0.4,0.7733333333333333,51.44153322620938,0.5927439959121104,52999
52999,noise0.8,0.7733333333333333,51.66847185790539,0.5924412665985699,52999
53499,noise0,0.7233333333333334,53.17856727602581,0.560144553433144,53499
53499,noise0.4,0.75,53.04166578004757,0.5798969072164949,53499
53499,noise0.8,0.76,53.594851652781166,0.5894519131334023,53499
53999,noise0,0.6966666666666667,55.30299997702241,0.5454070981210856,53999
53999,noise0.4,0.6933333333333334,56.82877937580148,0.5430809399477807,53999
53999,noise0.8,0.6833333333333333,55.84043915849179,0.5363683935112505,53999
54499,noise0,0.6466666666666666,58.90669966985782,0.5098554533508541,54499
54499,noise0.4,0.64,57.816080984969936,0.5056623650250197,54499
54499,noise0.8,0.67,56.287408620119095,0.5290866017372993,54499
54999,noise0,0.7166666666666667,54.19785274068514,0.5577172503242542,54999
54999,noise0.4,0.72,53.50654603292545,0.5611847233047544,54999
54999,noise0.8,0.71,52.603569865226746,0.5541103017689906,54999
55499,noise0,0.7366666666666667,53.511465399215616,0.5720942272844939,55499
55499,noise0.4,0.7166666666666667,52.90135849515597,0.5569948186528497,55499
55499,noise0.8,0.7033333333333334,54.34048389395078,0.5470572984184598,55499
55999,noise0,0.6733333333333333,55.1645128056407,0.5225038799793067,55999
55999,noise0.4,0.7433333333333333,52.69575445881734,0.5781695618356235,55999
55999,noise0.8,0.7466666666666667,54.13127702598771,0.5812143227815256,55999
56499,noise0,0.6733333333333333,56.53035124142965,0.5283808527334554,56499
56499,noise0.4,0.6833333333333333,56.15792014698187,0.5359477124183006,56499
56499,noise0.8,0.7066666666666667,53.81018056472143,0.5542483660130719,56499
56999,noise0,0.6766666666666666,55.62267290055752,0.5319706498951782,56999
56999,noise0.4,0.7166666666666667,55.066601951917015,0.563269583442494,56999
56999,noise0.8,0.6966666666666667,55.07153129205108,0.547550432276657,56999
57499,noise0,0.79,48.577067562689386,0.5950288727090133,57499
57499,noise0.4,0.8266666666666667,48.21652135532349,0.623272178939432,57499
57499,noise0.8,0.8066666666666666,48.392070265486836,0.6095717884130982,57499
57999,noise0,0.74,53.69308787956834,0.5740884406516679,57999
57999,noise0.4,0.7,55.9000887821118,0.5429162357807652,57999
57999,noise0.8,0.7266666666666667,53.01796427244941,0.5634530886533987,57999
58499,noise0,0.71,56.147583016504846,0.5599369085173501,58499
58499,noise0.4,0.6233333333333333,58.44807558134198,0.4914586070959264,58499
58499,noise0.8,0.6533333333333333,57.8214184542497,0.5164690382081687,58499
58999,noise0,0.6733333333333333,55.679249999423824,0.5294888597640891,58999
58999,noise0.4,0.6833333333333333,57.040593848874174,0.5377754459601258,58999
58999,noise0.8,0.73,55.009874142706394,0.5749540561827251,58999
59499,noise0,0.67,56.842710419247545,0.5256276150627615,59499
59499,noise0.4,0.7466666666666667,53.9046019539237,0.5865409793139564,59499
59499,noise0.8,0.7033333333333334,55.899180971086025,0.5522114629678094,59499
59999,noise0,0.7866666666666666,51.90703668693701,0.6126687435098649,59999
59999,noise0.4,0.7,54.106626227498055,0.5458799064205874,59999
59999,noise0.8,0.69,55.94076478481293,0.5380816220431505,59999
60499,noise0,0.6633333333333333,56.21787779033184,0.5187695516162669,60499
60499,noise0.4,0.7033333333333334,54.990135646114744,0.5504826506652752,60499
60499,noise0.8,0.6866666666666666,56.44700618709127,0.5381400208986415,60499
60999,noise0,0.63,60.492541832228504,0.5061596143545795,60999
60999,noise0.4,0.6566666666666666,58.97748170296351,0.5280085767890645,60999
60999,noise0.8,0.6033333333333334,60.404904847343765,0.48486472006429143,60999
61499,noise0,0.62,58.854693253835045,0.4898604161179878,61499
61499,noise0.4,0.7033333333333334,56.57321105307589,0.556434599156118,61499
61499,noise0.8,0.6833333333333333,56.90427230795225,0.5408970976253298,61499
61999,noise0,0.7066666666666667,55.65852608407537,0.5528031290743155,61999
61999,noise0.4,0.7266666666666667,53.80017478764057,0.5685967657798643,61999
61999,noise0.8,0.7133333333333334,54.13108257701,0.5583094182102791,61999
62499,noise0,0.68,57.297329012925424,0.5372662628390834,62499
62499,noise0.4,0.7066666666666667,57.30943808207909,0.5577479610628782,62499
62499,noise0.8,0.6533333333333333,57.43919072548548,0.516061084781464,62499
62999,noise0,0.71,55.202787574380636,0.5513849339891276,62999
62999,noise0.4,0.7066666666666667,54.92778027057648,0.5492227979274611,62999
62999,noise0.8,0.7,56.5019593834877,0.5441824306815236,62999
63499,noise0,0.6966666666666667,55.80872308711211,0.5438459536820193,63499
63499,noise0.4,0.6733333333333333,56.40258337805668,0.5261786923678041,63499
63499,noise0.8,0.69,56.03742655366659,0.5390625,63499
63999,noise0,0.8433333333333334,44.96750394130746,0.6025244105739461,63999
63999,noise0.4,0.83,45.12101624254137,0.5931395902810862,63999
63999,noise0.8,0.8666666666666667,42.01411735607932,0.6193425440686041,63999
64499,noise0,0.7,54.63996982574463,0.5413766434648105,64499
64499,noise0.4,0.7066666666666667,56.64437290901939,0.5469556243550051,64499
64499,noise0.8,0.72,53.80256908014417,0.5574193548387096,64499
64999,noise0,0.77,52.60987356801828,0.6007802340702211,64999
64999,noise0.4,0.7133333333333334,54.43906403829654,0.5561330561330561,64999
64999,noise0.8,0.7166666666666667,55.31426025430361,0.560772039645279,64999
65499,noise0,0.71,56.916032361487545,0.5587618048268624,65499
65499,noise0.4,0.6466666666666666,58.25749640663465,0.508919202518363,65499
65499,noise0.8,0.6533333333333333,56.99373292798797,0.5153825926899815,65499
65999,noise0,0.7366666666666667,52.316067238648735,0.5634880163182049,65999
65999,noise0.4,0.7966666666666666,51.32388835027814,0.6098494513906608,65999
65999,noise0.8,0.76,50.92062150686979,0.5807437595517065,65999
66499,noise0,0.7633333333333333,53.720044819017254,0.5948051948051948,66499
66499,noise0.4,0.7266666666666667,53.149199873209,0.5663808781501688,66499
66499,noise0.8,0.7,54.49767306866124,0.5451713395638629,66499
66999,noise0,0.6733333333333333,56.83495462561647,0.5322793148880105,66999
66999,noise0.4,0.69,56.196113596359886,0.5455983131259884,66999
66999,noise0.8,0.6866666666666666,55.89127368231615,0.5431057210651199,66999
67499,noise0,0.8133333333333334,47.47286753977338,0.6119889641334336,67499
67499,noise0.4,0.8466666666666667,46.16832107740144,0.6375502008032128,67499
67499,noise0.8,0.8233333333333334,48.079838160425425,0.619513418610484,67499
67999,noise0,0.6466666666666666,58.697532683610916,0.5156831472620945,67999
67999,noise0.4,0.6466666666666666,59.363473035395145,0.5155461068296572,67999
67999,noise0.8,0.6466666666666666,59.63134664297104,0.5163694437050838,67999
68499,noise0,0.67,57.64328548808893,0.5328738069989395,68499
68499,noise0.4,0.6533333333333333,57.63566392225524,0.5189303680169446,68499
68499,noise0.8,0.6866666666666666,57.4090982551376,0.544973544973545,68499
68999,noise0,0.7333333333333333,54.58855799213052,0.5732152162584679,68999
68999,noise0.4,0.72,54.33252107848724,0.5630865484880083,68999
68999,noise0.8,0.74,53.9862558580935,0.5782755926022402,68999
69499,noise0,0.7733333333333333,50.792200737943254,0.5885337392186707,69499
69499,noise0.4,0.7933333333333333,50.588739696890116,0.6037544393708777,69499
69499,noise0.8,0.72,53.33321330820521,0.548780487804878,69499
69999,noise0,0.7233333333333334,53.47852533931533,0.5592783505154639,69999
69999,noise0.4,0.7066666666666667,53.275504268084966,0.5465326114978086,69999
69999,noise0.8,0.7,53.793309204280376,0.5420753742901393,69999
70499,noise0,0.73,54.4028709679842,0.5719509010185426,70499
70499,noise0.4,0.7266666666666667,54.195663925260305,0.5687451082702843,70499
70499,noise0.8,0.7133333333333334,53.96091536680857,0.5588926612692608,70499
70999,noise0,0.7633333333333333,52.8197779469192,0.5938796680497925,70999
70999,noise0.4,0.7066666666666667,56.19256920615832,0.5495075168481078,70999
70999,noise0.8,0.7366666666666667,51.89907501762112,0.5732814526588845,70999
71499,noise0,0.73,52.3546302691102,0.5666235446313066,71499
71499,noise0.4,0.7333333333333333,51.343952710429825,0.5687693898655636,71499
71499,noise0.8,0.72,53.34958120497564,0.559295701708959,71499
71999,noise0,0.73,54.80411201218764,0.567651632970451,71999
71999,noise0.4,0.6866666666666666,55.61641948918501,0.533678756476684,71999
71999,noise0.8,0.7066666666666667,53.388473978887,0.5497925311203319,71999
72499,noise0,0.65,57.80700606356064,0.5128879537085743,72499
72499,noise0.4,0.64,58.192790903151035,0.5053961568833903,72499
72499,noise0.8,0.6566666666666666,57.17752426241835,0.5195147679324894,72499
72999,noise0,0.6,58.85409981260697,0.477326968973747,72999
72999,noise0.4,0.6266666666666667,59.46926021079222,0.4981452040275569,72999
72999,noise0.8,0.65,58.529625502725445,0.5180658873538788,72999
73499,noise0,0.7133333333333334,54.61337430495769,0.5605028810895757,73499
73499,noise0.4,0.7,54.59381606678168,0.5507474429583006,73499
73499,noise0.8,0.6966666666666667,56.277649948994316,0.5491329479768786,73499
73999,noise0,0.7033333333333334,55.594366170465946,0.5513457015939377,73999
73999,noise0.4,0.7566666666666667,53.37843876456221,0.5936192468619247,73999
73999,noise0.8,0.7033333333333334,55.62203517804543,0.5525006546216287,73999
74499,noise0,0.68,56.1155834098657,0.5318039624608968,74499
74499,noise0.4,0.75,52.60671638449033,0.587160751565762,74499
74499,noise0.8,0.7066666666666667,54.00300120934844,0.5536693653695481,74499
74999,noise0,0.6366666666666667,57.9475965599219,0.5003929787791459,74999
74999,noise0.4,0.6433333333333333,59.08082189286748,0.5064287588559433,74999
74999,noise0.8,0.6266666666666667,58.89374895642201,0.4936974789915966,74999
75499,noise0,0.6966666666666667,55.756320425619684,0.5421530479896238,75499
75499,noise0.4,0.71,53.541675919666886,0.5518134715025906,75499
75499,noise0.8,0.7433333333333333,52.43969351053238,0.5780196993260757,75499
75999,noise0,0.63,58.82072223350406,0.49736842105263157,75999
75999,noise0.4,0.6966666666666667,55.90506002679467,0.5510150276825732,75999
75999,noise0.8,0.6733333333333333,57.13179006924232,0.5324196099103847,75999
76499,noise0,0.66,57.12560607492924,0.5225653206650831,76499
76499,noise0.4,0.6366666666666667,58.028895715872444,0.5044902271526677,76499
76499,noise0.8,0.6566666666666666,57.62673362592856,0.5204755614266843,76499
76999,noise0,0.7033333333333334,55.8804543701311,0.5530799475753604,76999
76999,noise0.4,0.6933333333333334,54.36808835963408,0.5453592029365495,76999
76999,noise0.8,0.6633333333333333,56.37944516787926,0.5224468364400104,76999
77499,noise0,0.71,53.591584795465074,0.5526725480020758,77499
77499,noise0.4,0.7066666666666667,53.47083452964822,0.5502206073189723,77499
77499,noise0.8,0.7466666666666667,52.752457010249294,0.5803108808290155,77499
77999,noise0,0.7766666666666666,51.09557659178972,0.6008251676121712,77999
77999,noise0.4,0.74,52.99758494397005,0.5729032258064516,77999
77999,noise0.8,0.7766666666666666,51.86787870277961,0.6019116507362439,77999
78499,noise0,0.63,59.23423603425423,0.499867759851891,78499
78499,noise0.4,0.6666666666666666,57.9399820069472,0.5292405398253506,78499
78499,noise0.8,0.6833333333333333,57.385667726397514,0.5417547568710359,78499
78999,noise0,0.6733333333333333,57.36543660610914,0.5274151436031331,78999
78999,noise0.4,0.72,54.33034103612105,0.5635272632402818,78999
78999,noise0.8,0.6733333333333333,56.57928562412659,0.5268648930620761,78999
79499,noise0,0.7,55.9303464849169,0.5497382198952879,79499
79499,noise0.4,0.68,55.87835734585921,0.5341712490180676,79499
79499,noise0.8,0.72,54.18408598875006,0.5664830841856805,79499
79999,noise0,0.7466666666666667,54.11072794596354,0.5824232969318772,79999
79999,noise0.4,0.74,53.19303257515033,0.5779744858109866,79999
79999,noise0.8,0.73,54.70867784072956,0.5718015665796344,79999
80499,noise0,0.6466666666666666,57.4086912026008,0.5117383276180427,80499
80499,noise0.4,0.6633333333333333,57.939076314369835,0.5249274597731469,80499
80499,noise0.8,0.6533333333333333,57.642968001465,0.5168776371308016,80499
80999,noise0,0.6133333333333333,59.2296256745855,0.49132176234979974,80999
80999,noise0.4,0.65,59.5649691025416,0.520694259012016,80999
80999,noise0.8,0.6666666666666666,57.23875925814112,0.5340453938584779,80999
81499,noise0,0.7233333333333334,53.779301250353456,0.5572675911658962,81499
81499,noise0.4,0.7266666666666667,52.837826163197555,0.5602672834746851,81499
81499,noise0.8,0.7333333333333333,54.07582386831442,0.5654073502955538,81499
81999,noise0,0.6966666666666667,54.50306284427643,0.5459770114942528,81999
81999,noise0.4,0.7033333333333334,56.3369819795092,0.5506263048016701,81999
81999,noise0.8,0.7166666666666667,54.600176806251206,0.5609183407252805,81999
82499,noise0,0.6566666666666666,58.209100330869354,0.5196518069111052,82499
82499,noise0.4,0.6833333333333333,58.041987669964634,0.5406118143459915,82499
82499,noise0.8,0.7,56.02786615987619,0.5533596837944664,82499
82999,noise0,0.7766666666666666,52.08729412034154,0.6104270369400052,82999
82999,noise0.4,0.7066666666666667,53.95803879760206,0.5549738219895288,82999
82999,noise0.8,0.69,56.50003990313659,0.5417429992148652,82999
83499,noise0,0.7233333333333334,52.35616539294521,0.560289181513039,83499
83499,noise0.4,0.66,57.313013561069965,0.5114957375355205,83499
83499,noise0.8,0.6866666666666666,55.21719243501624,0.5328504914640455,83499
83999,noise0,0.7433333333333333,52.985752449681364,0.5765253360910031,83999
83999,noise0.4,0.7566666666666667,52.354968989267945,0.5873221216041398,83999
83999,noise0.8,0.7666666666666667,53.82841963072618,0.5955463490419471,83999
84499,noise0,0.74,53.74537531969448,0.5737916774360299,84499
84499,noise0.4,0.7466666666666667,52.81134817252556,0.5783630260779757,84499
84499,noise0.8,0.77,52.31778167809049,0.5964368706429125,84499
84999,noise0,0.74,52.5868495007356,0.5748316934230968,84999
84999,noise0.4,0.7533333333333333,54.08365662458042,0.5854922279792746,84999
84999,noise0.8,0.73,52.75939795747399,0.5673575129533679,84999
85499,noise0,0.7633333333333333,51.43050624554356,0.586577868852459,85499
85499,noise0.4,0.75,51.56799167891344,0.5757420675537359,85499
85499,noise0.8,0.7766666666666666,50.467611057062946,0.5968237704918032,85499
85999,noise0,0.74,54.68340669199824,0.5779744858109866,85999
85999,noise0.4,0.6866666666666666,55.59573238156736,0.5367378843147472,85999
85999,noise0.8,0.7366666666666667,54.87176459530989,0.5749219562955254,85999
86499,noise0,0.8766666666666667,42.448548878232636,0.6082331174838113,86499
86499,noise0.4,0.8666666666666667,41.039940947045885,0.6014341892204488,86499
86499,noise0.8,0.8566666666666667,42.913512628525496,0.594769729229345,86499
86999,noise0,0.6866666666666666,55.558683610210814,0.538421327757449,86999
86999,noise0.4,0.7366666666666667,54.06325781469544,0.5776267642446419,86999
86999,noise0.8,0.7,55.60793908685446,0.54858934169279,86999
87499,noise0,0.73,53.53843201945225,0.5688311688311688,87499
87499,noise0.4,0.7266666666666667,54.21632472674052,0.5660867307192936,87499
87499,noise0.8,0.7366666666666667,53.686667988697685,0.5746229849193968,87499
87999,noise0,0.7166666666666667,54.884671534101166,0.5651945320715036,87999
87999,noise0.4,0.6633333333333333,57.822436310350895,0.5227213028631468,87999
87999,noise0.8,0.71,56.41885336488485,0.559642669469259,87999
88499,noise0,0.7433333333333333,50.94384969150027,0.5696040868454662,88499
88499,noise0.4,0.78,50.89893087123831,0.5977011494252874,88499
88499,noise0.8,0.79,50.21189138914148,0.6050548889456215,88499
88999,noise0,0.7166666666666667,54.662875616302095,0.5590223608944358,88999
88999,noise0.4,0.7166666666666667,54.28666429966688,0.5590223608944358,88999
88999,noise0.8,0.7533333333333333,53.575988118847214,0.58777633289987,88999
89499,noise0,0.7566666666666667,51.250617928337306,0.5810084463782953,89499
89499,noise0.4,0.81,49.286074912796416,0.6218014329580348,89499
89499,noise0.8,0.8133333333333334,50.417712983985744,0.6245200921423086,89499
89999,noise0,0.6666666666666666,56.46869499236345,0.5221932114882507,89999
89999,noise0.4,0.7,55.516207660237946,0.548159749412686,89999
89999,noise0.8,0.7233333333333334,54.01736078162988,0.5659885237350025,89999
90499,noise0,0.69,53.616875092188515,0.5382215288611544,90499
90499,noise0.4,0.72,54.691145499547325,0.5608932744741625,90499
90499,noise0.8,0.77,51.83863315731287,0.6003118503118503,90499
90999,noise0,0.7,53.76666942983866,0.5467326217130956,90999
90999,noise0.4,0.6966666666666667,54.74871090489129,0.5437044745057231,90999
90999,noise0.8,0.78,53.43540828178326,0.6087408949011446,90999
91499,noise0,0.6333333333333333,59.66528268903494,0.5051847912789151,91499
91499,noise0.4,0.6566666666666666,58.218411649266876,0.5232403718459495,91499
91499,noise0.8,0.6433333333333333,59.03104375551144,0.5119363395225465,91499
91999,noise0,0.6633333333333333,59.46036471426487,0.5279915096842663,91999
91999,noise0.4,0.6733333333333333,57.699194659789406,0.535666931848316,91999
91999,noise0.8,0.6766666666666666,56.3860117221872,0.5380333951762523,91999
92499,noise0,0.6766666666666666,56.65234216644118,0.5377483443708609,92499
92499,noise0.4,0.5966666666666667,57.892568031946816,0.47429782723900366,92499
92499,noise0.8,0.6333333333333333,59.48675982157389,0.5031779661016949,92499
92999,noise0,0.7433333333333333,51.95817177121838,0.5744461617722822,92999
92999,noise0.4,0.7566666666666667,51.94686497747898,0.5853532748839608,92999
92999,noise0.8,0.7533333333333333,54.42235412324468,0.582624387728796,92999
93499,noise0,0.8166666666666667,49.39657288541397,0.6242038216560509,93499
93499,noise0.4,0.7933333333333333,50.12352789891884,0.60729778004593,93499
93499,noise0.8,0.79,50.62039183328549,0.6045918367346939,93499
93999,noise0,0.6933333333333334,52.97412353257338,0.5348418616610954,93999
93999,noise0.4,0.7566666666666667,54.28220892945925,0.5833975841685941,93999
93999,noise0.8,0.7766666666666666,51.62982105712096,0.5986639260020554,93999
94499,noise0,0.6466666666666666,57.11705791950226,0.5090527420624508,94499
94499,noise0.4,0.6833333333333333,56.34745539041857,0.538481744155503,94499
94499,noise0.8,0.68,55.749099473158516,0.5357142857142857,94499
94999,noise0,0.7266666666666667,52.653765546778835,0.5633074935400517,94999
94999,noise0.4,0.78,50.612010134384036,0.6051202482544608,94999
94999,noise0.8,0.7266666666666667,52.97232173072795,0.5640362225097024,94999
95499,noise0,0.7133333333333334,53.725902669131756,0.5559885684593401,95499
95499,noise0.4,0.76,52.35601914984485,0.5926696126852092,95499
95499,noise0.8,0.7366666666666667,53.06542615344127,0.574025974025974,95499
95999,noise0,0.6733333333333333,56.75779288262129,0.5301837270341208,95999
95999,noise0.4,0.7066666666666667,55.38449211170276,0.5568689256632519,95999
95999,noise0.8,0.7,55.44030669828256,0.5513258072985034,95999
96499,noise0,0.6733333333333333,55.720120031386614,0.5338266384778012,96499
96499,noise0.4,0.68,57.40515723824501,0.53868497491418,96499
96499,noise0.8,0.6666666666666666,56.484809740136065,0.5282620179609085,96499
96999,noise0,0.6533333333333333,56.88327485571305,0.5172868830826075,96999
96999,noise0.4,0.67,57.754991168777146,0.530763137047795,96999
96999,noise0.8,0.6666666666666666,57.36389704545339,0.5281225244256667,96999
97499,noise0,0.74,54.30224987119436,0.5820660723649711,97499
97499,noise0.4,0.7233333333333334,55.86645437156161,0.5686582809224319,97499
97499,noise0.8,0.7,54.99336776137352,0.5510364733665705,97499
97999,noise0,0.7666666666666667,52.268920393039785,0.5949301603724779,97999
97999,noise0.4,0.7666666666666667,51.06620095980664,0.594622543950362,97999
97999,noise0.8,0.7333333333333333,52.36410252004862,0.5684754521963824,97999
98499,noise0,0.7166666666666667,56.115773464242615,0.5619445896497647,98499
98499,noise0.4,0.74,53.105820619966835,0.5803921568627451,98499
98499,noise0.8,0.6833333333333333,57.233186012754835,0.5353878297205537,98499
98999,noise0,0.6666666666666666,58.19707711040974,0.5246589716684155,98999
98999,noise0.4,0.65,57.76809695487221,0.5115424973767051,98999
98999,noise0.8,0.71,54.84442527592182,0.5578837087480356,98999
99499,noise0,0.68,56.16776634007692,0.5385427666314678,99499
99499,noise0.4,0.6866666666666666,55.490788693229355,0.5439662001584367,99499
99499,noise0.8,0.6633333333333333,57.34378279000521,0.5254819118035383,99499
99999,noise0,0.6766666666666666,54.89980871230364,0.5278211128445137,99999
99999,noise0.4,0.72,53.574815240999065,0.5617685305591678,99999
99999,noise0.8,0.7266666666666667,54.322154787679516,0.5671175858480749,99999
